10.1088/1742-6596/1390/1/012115,30db6ed0632211eaab8110604b8300cd
10.1088/1742-6596/1347/1/012090,33bce6fe632211eaba7910604b8300cd
10.7748/mhp.2017.e1134,363dfea6632211eaa28910604b8300cd
10.1161/circgen.117.001805,3f59cef4632211ea95b410604b8300cd
10.12688/gatesopenres.13042.2,4158f964632211eab50c10604b8300cd
10.1038/s41598-019-57091-6,446c0152632211eab27610604b8300cd
10.1021/acsanm.8b01329,462923fa632211ea8b2f10604b8300cd
10.1088/1742-6596/1350/1/012083,5a6397f6632211ea819710604b8300cd
10.1136/bmjopen-2019-031924,5ba69466632211ea961010604b8300cd
10.3389/fpsyg.2019.02750,5f1605e4632211ea9eed10604b8300cd
10.1051/epjconf/201715802002,610c0a0c632211ea92ef10604b8300cd
10.1681/ASN.2008040406,6b811a76632211eaa46810604b8300cd
10.1021/pr800894p,6f0ac69e632211eaa70510604b8300cd
10.1586/EPR.11.14,78c81518632211ea8c0e10604b8300cd
10.1152/ajprenal.90339.2008,7c6ee1c8632211eaa33310604b8300cd
10.1186/1477-5956-11-S1-S14,7f13a88a632211eabc2d10604b8300cd
10.1177/0022034519886808,829e3ef8632211eaaf7d10604b8300cd
10.1109/TUFFC.2019.2938917,87556722632211eaba9610604b8300cd
10.1016/j.astropartphys.2018.08.006,88c400be632211eabdb210604b8300cd
10.4172/jpb.1000307,8fd02f52632211eabd8510604b8300cd
10.1186/s12986-016-0149-z,952d41dc632211ea90ae10604b8300cd
10.1186/s12953-019-0149-9,97ea95e2632211eaa70c10604b8300cd
10.1186/s12859-016-1165-8,99e701a8632211eabc8d10604b8300cd
10.1155/2019/6378368,9b2e4336632211eabeb710604b8300cd
10.1007/s00395-020-0777-3,9fc4f014632211ea9f3f10604b8300cd
10.5851/kosfa.2019.e92,a0958d54632211ea974210604b8300cd
10.2147/HIV.S229531,a377efda632211eab30a10604b8300cd
10.1186/s13569-017-0083-5,a980912e632211ea873510604b8300cd
10.3389/fenrg.2019.00141,ac6452f4632211ea8cdc10604b8300cd
10.3389/fsufs.2019.00021,af67cce4632211ea9ca010604b8300cd
10.3847/1538-4357/ab55ec,b27afbda632211ea9f1010604b8300cd
10.1186/s13063-019-3829-y,b58b6c00632211ea96a310604b8300cd
10.3847/1538-4357/ab4b48,b66e2edc632211ea97c910604b8300cd
10.1007/s11071-019-05443-2,ba4ea3ba632211ea9c5210604b8300cd
10.2147/VMRR.S224514,bc6e2276632211ea9ecd10604b8300cd
10.21470/1678-9741-2018-0272,c5583bae632211eaa01110604b8300cd
10.1140/epjc/s10052-019-7499-4,cd159c46632211ea932210604b8300cd
10.1186/s13071-019-3872-2,d17d9f14632211ea85e210604b8300cd
10.1186/s13058-019-1223-z,d2f0f2d4632211ea8ae510604b8300cd
10.1016/j.chiabu.2017.01.005,d4a62768632211eaa2c210604b8300cd
10.1097/OLQ.0b013e3181d4722d,d84f648a632211ea9a5610604b8300cd
10.1093/dnares/dsv028,ecc490c2632211eab43e10604b8300cd
10.1186/s12864-017-4049-z,ef33f7ec632211ea9a9c10604b8300cd
10.3892/ijmm.2019.4222,f32b21d8632211eaac5310604b8300cd
10.1093/database/baw153,f418df7a632211eaaa3310604b8300cd
10.1016/j.intfin.2018.03.004,f60b88d0632211ea860c10604b8300cd
10.1016/j.jcorpfin.2011.04.011,f73952c6632211ea8c6410604b8300cd
10.1186/1752-1947-2-110,fc2405fa632211eaa2f910604b8300cd
10.7164/antibiotics.46.331,ff8ff564632211ea911f10604b8300cd
10.1007/s13385-019-00220-2,0aa34fde632311eaab1e10604b8300cd
10.1093/cercor/bhy333,0c4992a6632311eaa36e10604b8300cd
10.1039/c9ra09123h,1426f95a632311ea8fc610604b8300cd
10.21037/tp.2019.07.06,18d6f688632311ea8dc610604b8300cd
10.3389/fbioe.2019.00343,1c63d66c632311ea9ce310604b8300cd
10.2754/avb201887010065,1f376dfe632311eaa57810604b8300cd
10.1074/jbc.M114.607770,21d94f00632311ea9d6110604b8300cd
10.5114/kitp.2017.68741,2761d868632311ea834810604b8300cd
10.5114/kitp.2018.76470,2a3b1474632311eab1c510604b8300cd
10.1007/s11255-018-02064-3,2b1044d8632311ea8ea110604b8300cd
10.1007/s00775-019-01747-1,2bd830e2632311eaaf0410604b8300cd
10.4103/ajm.AJM_8_19,2d12ca28632311eaa3c610604b8300cd
10.1371/journal.pone.0224151,2fd8a848632311ea868810604b8300cd
10.1038/s41437-019-0291-2,3287cda2632311ea971d10604b8300cd
10.1161/jaha.119.014537,36280b74632311eaa2d510604b8300cd
10.2337/db19-54-OR,38b381ba632311eab4d110604b8300cd
10.1038/s41598-017-13585-9,407b4208632311ea94d610604b8300cd
10.1080/09638288.2018.1519041,46a04068632311ea813a10604b8300cd
10.3201/eid2601.191085,4877ebb4632311eaa01b10604b8300cd
10.1016/j.clinpr.2019.100007,4b13b31c632311eabbf710604b8300cd
10.1038/s41598-019-56579-5,4c4f36a6632311eaa55a10604b8300cd
10.3850/978-981-07-8012-8_230,4e46730c632311eaafc910604b8300cd
10.1186/s12879-019-4726-4,50ff0ccc632311ea80ca10604b8300cd
10.1037/xge0000126,51c3c500632311eab91610604b8300cd
10.1155/2019/4686132,57376ac8632311ea875d10604b8300cd
10.1093/ije/dyy237,625aef54632311eab59510604b8300cd
10.3390/molecules25010042,662a9a38632311eabc2110604b8300cd
10.1038/s41598-019-56363-5,67eee792632311ea98b510604b8300cd
10.1016/j.chc.2019.08.017,6afe1f58632311eabe1a10604b8300cd
10.1186/s12961-019-0502-6,6c2e0bdc632311ea95d010604b8300cd
10.1128/aac.00947-19,6dcd98d2632311ea91cf10604b8300cd
10.1016/j.physletb.2019.135048,73fc808a632311eaa11c10604b8300cd
10.1109/tcomm.2019.2962436,7bd3f468632311eaaa9910604b8300cd
10.1111/ecog.04631,7f4476fe632311eaa9d610604b8300cd
10.1111/1471-0528.16013,8b979998632311ea96ea10604b8300cd
10.1038/s41467-019-13480-z,9f986786632311ea83f910604b8300cd
10.1136/bmjopen-2019-032551,a938e306632311ea98d810604b8300cd
10.1186/s11556-019-0229-y,ace99ae8632311ea812610604b8300cd
10.25103/ijbesar.122.06,adc9ed18632311eaacc210604b8300cd
10.1136/vr.l6951,aed9fa74632311eaaa3010604b8300cd
10.1103/physrevlett.123.241802,b21ce462632311ea999d10604b8300cd
10.3390/v11121144,b861d0b6632311ea9ac710604b8300cd
10.2147/COPD.S221852,bbbd95e8632311ea9d2510604b8300cd
10.1080/07474938.2019.1690195,bf2ce038632311eaa97610604b8300cd
10.1016/j.cscm.2019.e00320,d3688cba632311ea919010604b8300cd
10.3389/fmicb.2019.02674,defff8f6632311eabd7b10604b8300cd
10.1177/0963662516656110,e7598146632311ea963210604b8300cd
10.3389/fphys.2019.01426,ed76b9b8632311ea83d710604b8300cd
10.1371/journal.pone.0225980,ef743a28632311ea861410604b8300cd
10.12809/hkmj198037,f2623358632311ea9f4810604b8300cd
10.33263/briac96.624628,f619c606632311ea944110604b8300cd
10.1145/3356994.3365498,f9caa2f6632311ea9f6b10604b8300cd
10.1186/s12862-019-1550-9,00132930632411ea878e10604b8300cd
10.1080/14782804.2017.1381588,041d3be6632411eaa86110604b8300cd
10.1016/j.jfa.2013.10.014,08268b7a632411eaae4310604b8300cd
10.1186/1471-2369-15-204,0f35ec58632411eaa9c410604b8300cd
10.1098/rsta.2019.0313,10f0291e632411ea8f0d10604b8300cd
10.1038/s41561-019-0521-5,19bd6fb4632411eabdb910604b8300cd
10.1051/0004-6361/201935865,1ccf1800632411ea8f7410604b8300cd
10.1186/s13662-019-2429-1,1ea34162632411ea95af10604b8300cd
10.5194/bg-2019-473,2081f066632411eab87410604b8300cd
10.3847/1538-4357/ab50ba,23e1376c632411ea960410604b8300cd
10.2991/artres.k.191114.003,26eec1b4632411eabf6c10604b8300cd
10.1088/1742-6596/983/1/012164,2a185de6632411ea85f110604b8300cd
10.1306/06011513195,3151fc74632411ea922010604b8300cd
10.1038/ncomms11692,32fde388632411ea98ce10604b8300cd
10.3390/nu9050467,3f7b711c632411eaaabc10604b8300cd
10.1039/c8sc00068a,4e5db3fa632411ea866310604b8300cd
10.3390/ma12040607,61783ef4632411eab7c210604b8300cd
10.1007/s11307-019-01458-8,77fce7e8632411ea9e5910604b8300cd
10.1021/acsinfecdis.9b00371,94d58a80632411eaa98710604b8300cd
10.1016/j.ijsrc.2019.10.005,98aa649e632411ea840510604b8300cd
10.1007/s10862-019-09747-w,9a3fb9de632411ea91c410604b8300cd
10.1038/s41598-019-54340-6,9f837cc0632411ea994610604b8300cd
10.1177/2158244016676863,a33c20ee632411ea8c2610604b8300cd
10.1073/pnas.1914633116,ad620ada632411eab6f110604b8300cd
10.1038/emboj.2012.304,b095b854632411ea80e910604b8300cd
10.1038/ncomms11242,b34a0cc0632411ea816010604b8300cd
10.3389/fneur.2019.01262,b4cca064632411ea96e610604b8300cd
10.3390/healthcare7030083,ce143bf6632411ea994810604b8300cd
10.1016/j.ijsolstr.2017.01.006,d3c49110632411ea92f410604b8300cd
10.3791/60348,d7ec8734632411ea925c10604b8300cd
10.1186/s12903-019-0962-7,dc6f877a632411eabf1910604b8300cd
10.1136/bmjopen-2019-032021,e1ff3a48632411ea957c10604b8300cd
10.1016/s2213-2600(19)30367-4,e8f34edc632411ea8caf10604b8300cd
10.1109/ACCESS.2019.2944765,eb7d3e7a632411ea889110604b8300cd
10.1016/S2214-109X(17)30020-7,ee439186632411ea87a410604b8300cd
10.1002/14651858.cd011689,f2ef492e632411eaa8bf10604b8300cd
10.1186/s12978-018-0451-5,f51c5a2c632411ea91e510604b8300cd
10.1017/jfm.2019.1001,f63c438c632411eabc0c10604b8300cd
10.1039/c4ra01914h,f96b8140632411ea832510604b8300cd
10.1039/c9cc00965e,fb2aed4a632411ea89cc10604b8300cd
10.1038/s41598-019-54285-w,febf1eb8632411eaac8910604b8300cd
10.3390/molecules24234276,00711f58632511eaada810604b8300cd
10.12968/bjon.2018.27.4.212,041971ee632511eaba3f10604b8300cd
10.1103/PhysRevC.100.064901,05aea02c632511ea96cb10604b8300cd
10.1371/journal.pone.0225381,13b65a6c632511ea854e10604b8300cd
10.1017/s003358351900012x,199fb88a632511ea88b810604b8300cd
10.2147/rru.s224660,1e8625ac632511ea812f10604b8300cd
10.1042/bss0730141,2354a238632511ea8baf10604b8300cd
10.2460/javma.231.10.1558,263afb8c632511eaad8d10604b8300cd
10.1186/s12936-019-3018-1,29232918632511ea8c9910604b8300cd
10.5005/jp-journals-10015-1583,2d33ca3a632511eab0a810604b8300cd
10.1051/e3sconf/201912401031,32072812632511ea8e5110604b8300cd
10.1098/rsob.170140,3449445e632511eaaa6b10604b8300cd
10.1038/s41398-019-0654-8,38ed6076632511ea919810604b8300cd
10.1371/journal.pntd.0005587,3b240cdc632511eaa1a810604b8300cd
10.1007/s00204-017-2002-1,41527f0c632511ea96f710604b8300cd
10.1089/met.2018.0086,449bf786632511ea9b3110604b8300cd
10.1088/1757-899x/627/1/012025,470962d4632511eaad2410604b8300cd
10.1136/gut.2006.097543corr1,4d05343e632511ea9f6f10604b8300cd
10.1002/lno.11190,532d17b6632511ea92e710604b8300cd
10.1002/joc.4425,59617c7a632511ea91d410604b8300cd
10.1186/s12954-018-0269-z,5bd35400632511eaae8c10604b8300cd
10.1186/s12912-019-0347-x,5d2df34c632511ea819310604b8300cd
10.1103/PhysRevC.100.054319,5f61ba08632511eaa2af10604b8300cd
10.1109/tmbmc.2019.2955094,72505a12632511ea8c9910604b8300cd
10.1007/s13202-016-0257-3,8fbe3eac632511eaa32910604b8300cd
10.1007/s13202-018-0572-y,925fd13e632511eab32310604b8300cd
10.3390/en12101880,99da3ee6632511eaa90210604b8300cd
10.1117/12.2522780,9fb264d8632511ea9e3510604b8300cd
10.1186/s13104-019-4807-x,a1a164e8632511eabb4910604b8300cd
10.1186/s13063-019-3762-0,a4376082632511ea81e810604b8300cd
10.4081/eb.2017.6514,ae9a22b8632511eaad8b10604b8300cd
10.5772/1892,b085c7fa632511ea990910604b8300cd
10.3897/zookeys.885.38980,b6d244ac632511eabfc310604b8300cd
10.1016/s1569-1993(17)30300-4,bbe5609e632511eaa9f010604b8300cd
10.18502/kss.v3i27.5533,c7f039d4632511eab76810604b8300cd
10.1029/2019rg000654,d0b51ca4632511ea9b8910604b8300cd
10.1007/978-3-540-24673-2_24,d5dc66a4632511ea9d0810604b8300cd
10.3847/1538-4357/ab4883,d7f30cd0632511eaae8310604b8300cd
10.1007/978-94-011-1689-3_52,ddd90f68632511ea953a10604b8300cd
10.1371/journal.pone.0085513,e992a1f4632511ea89f310604b8300cd
10.1371/journal.pone.0088738,ebb3f4e2632511ea9cb210604b8300cd
10.1089/vbz.2013.1351,f22ef474632511ea900f10604b8300cd
10.18632/oncotarget.1946,f49c11ac632511ea86a010604b8300cd
10.1371/journal.pone.0099018,f675913a632511eab5d010604b8300cd
10.18632/oncotarget.2004,fb53268a632511eab85110604b8300cd
10.1038/srep05697,fcf042ba632511ea9c8a10604b8300cd
10.1155/2014/974309,ff89c03a632511ea8afa10604b8300cd
10.3892/etm.2014.1819,01d0219e632611eab9ac10604b8300cd
10.1186/1471-2407-14-678,03d58c6e632611ea931110604b8300cd
10.1158/1078-0432.ccr-14-1582,04da9eee632611eaaf7d10604b8300cd
10.3892/ijo.2014.2738,0903f550632611ea8abb10604b8300cd
10.1107/S2053230X14022390,0aa3353e632611ea8ba910604b8300cd
10.3892/mco.2014.444,0b7cf8ba632611ea82c410604b8300cd
10.3892/mmr.2014.3108,0c6d74fe632611ea88e110604b8300cd
10.18632/oncoscience.73,0f0e4458632611eaa03110604b8300cd
10.1093/annonc/mdv066,124e4a58632611ea812610604b8300cd
10.1038/ijir.2015.5,1fd4b462632611eaab1d10604b8300cd
10.18632/oncotarget.3973,23e04d26632611ea808910604b8300cd
10.18632/oncotarget.4076,293ebe46632611eaaacc10604b8300cd
10.1038/bmt.2015.166,2b6a21ba632611eabedc10604b8300cd
10.1364/oe.23.015418,2e862888632611ea969c10604b8300cd
10.1186/s12951-015-0113-5,3067e42c632611eab82b10604b8300cd
10.18632/oncotarget.5663,32f9739e632611eaac1c10604b8300cd
10.2147/COPD.S79264,3473f200632611ea944f10604b8300cd
10.3892/ol.2015.3281,38521912632611eabea110604b8300cd
10.1097/MD.0000000000002383,3b91ceec632611ea809610604b8300cd
10.1103/physreve.93.013127,3f53e6f4632611eaa15510604b8300cd
10.3747/co.23.2669,42a0ba0a632611ea9dc510604b8300cd
10.1371/journal.pntd.0004611,45229474632611eab45110604b8300cd
10.1186/s12864-016-2663-9,4ac9ea30632611ea8fe410604b8300cd
10.1038/srep27280,4c4fb250632611ea948610604b8300cd
10.1364/oe.24.015642,50091a50632611eaa72010604b8300cd
10.1128/genomeA.00672-16,529ad0ca632611eabbfa10604b8300cd
10.1097/MD.0000000000004565,55244b28632611eab76310604b8300cd
10.1097/MD.0000000000004606,578fe1fa632611ea8a4c10604b8300cd
10.1158/2159-8290.CD-16-0050,5ca372f0632611ea95b210604b8300cd
10.1038/srep40611,6fd63ad8632611ea8ff410604b8300cd
10.1021/jacs.6b11302,74c38b86632611eaaae210604b8300cd
10.1038/srep46633,7ae073fa632611ea824c10604b8300cd
10.18632/oncotarget.16894,7da93782632611eaa78310604b8300cd
10.1080/20961790.2017.1335459,8b3064c8632611eab78210604b8300cd
10.3758/s13414-017-1363-0,91527d92632611eaa7d810604b8300cd
10.3791/56115,95bbb970632611eab04110604b8300cd
10.3390/ma10070827,992cfeca632611ea96af10604b8300cd
10.1038/s41467-017-01135-w,c0dc19f6632611eaafd510604b8300cd
10.3892/ijmm.2017.3206,c39305ee632611eabf3f10604b8300cd
10.1002/ece3.3399,c57e8410632611eab49510604b8300cd
10.3758/s13414-017-1452-0,c6e68ec0632611ea955610604b8300cd
10.18632/oncotarget.19877,c8a314e6632611eaa72a10604b8300cd
10.1038/s41598-018-19293-2,d22fbc6e632611eaa0ad10604b8300cd
10.3892/ijmm.2018.3430,d4b7fe7a632611eabbe410604b8300cd
10.1038/s41419-017-0208-z,d5f333d8632611eaa16510604b8300cd
10.3892/ol.2017.7568,d95dea88632611eaa98d10604b8300cd
10.3389/fonc.2018.00009,db58f6a4632611eaaef710604b8300cd
10.1007/s11523-018-0559-0,de9fb350632611eaa43910604b8300cd
10.1208/s12248-018-0209-6,e02ad0ee632611eab35110604b8300cd
10.3892/etm.2018.5866,e4e4e01a632611eabdfa10604b8300cd
10.1089/can.2017.0043,e8fcd4a2632611eaaf3b10604b8300cd
10.1155/2018/3250379,ed938ca8632611eaaab210604b8300cd
10.1186/s12882-018-0897-2,ef5c45e8632611eaad1310604b8300cd
10.3389/fpsyt.2018.00143,f2316374632611eaac4210604b8300cd
10.1155/2018/7035264,f49d4846632611eaab1c10604b8300cd
10.1292/jvms.18-0085,f7fda042632611ea9ac910604b8300cd
10.3892/etm.2018.6263,07ebcf80632711ea9f7710604b8300cd
10.1186/s12877-018-0886-0,0a1168a2632711ea9a2810604b8300cd
10.1186/s12979-018-0126-7,0caf5228632711eab28510604b8300cd
10.3390/ma11091725,0e9ddd08632711eaa87910604b8300cd
10.1590/1806-9282.64.06.501,11c2e2ec632711eabe3510604b8300cd
10.3389/fimmu.2018.02341,14f2478a632711eabcf110604b8300cd
10.2147/CIA.S182318,171b3a46632711eaa9d410604b8300cd
10.1073/pnas.1814309115,1c3d20c2632711ea8c8010604b8300cd
10.2147/IJN.S181546,22d5b59e632711eaaed210604b8300cd
10.1186/s13059-018-1605-z,276cff62632711ea904710604b8300cd
10.12659/MSM.914485,28f78110632711ea8d1b10604b8300cd
10.1364/oe.27.007072,2d1b7fa2632711eabb7710604b8300cd
10.12659/MSM.913658,3236fe7a632711eabeba10604b8300cd
10.3390/ijms20082031,349e0206632711ea8a8a10604b8300cd
10.1155/2019/5948686,3a009100632711ea96f110604b8300cd
10.1016/j.cnsns.2018.07.040,46f530dc632711ea9b1c10604b8300cd
10.1364/oe.27.001693,49048d50632711eab0e810604b8300cd
10.1063/1.4962898,4b76b2a2632711ea9c0f10604b8300cd
10.3389/fphys.2019.00872,4d980586632711eaafd010604b8300cd
10.1364/OL.38.005040,500dd3d8632711ea98f010604b8300cd
10.3847/1538-4357/ab3658,5239d362632711ea98f510604b8300cd
10.1038/s41419-019-1844-2,5b4947cc632711eaa44d10604b8300cd
10.3892/ol.2019.10587,5e92c006632711ea966410604b8300cd
10.1186/s12866-019-1582-8,616df7f8632711ea9dca10604b8300cd
10.1017/jfm.2018.815,634136e4632711ea9da310604b8300cd
10.1016/j.nimb.2016.05.021,664720f4632711ea9f0910604b8300cd
10.1128/mSystems.00413-19,6ae08ba6632711eabb8a10604b8300cd
10.1371/journal.pone.0220607,70f5fb1c632711ea8cc910604b8300cd
10.1007/s00424-019-02323-x,76895680632711ea974c10604b8300cd
10.1038/s41598-019-52791-5,77c2421e632711eaa22110604b8300cd
10.1038/s41929-019-0396-2,7a5aae46632711eaa4de10604b8300cd
10.1136/bmj.l6090,823a8468632711ea93c610604b8300cd
10.1111/ele.13442,87b8ad5e632711ea91f910604b8300cd
10.1080/19491034.2018.1506680,8aa3c08c632711ea855110604b8300cd
10.1017/s1751731116000653,8d34b3ca632711ea97e610604b8300cd
10.1007/978-3-642-39718-9_14,8eedb814632711ea9dfc10604b8300cd
10.1016/j.nima.2013.05.156,948299c0632711ea838310604b8300cd
10.1038/s41598-019-54512-4,97371508632711ea8fc410604b8300cd
10.1002/ece3.1367,9b628cb0632711eaae9010604b8300cd
10.2196/14068,9dfd4266632711eaa66710604b8300cd
10.1016/j.vaccine.2019.10.077,a0d6f306632711eaa66d10604b8300cd
10.7861/clinmed.2019-0313,a29fd4d2632711eab78710604b8300cd
10.1371/journal.pone.0224995,ab649464632711eaa7b910604b8300cd
10.1039/c9bm00986h,aedf0000632711eaacc710604b8300cd
10.3390/instruments3010001,b0825cba632711eab7d010604b8300cd
10.1007/jhep10(2019)125,b5817e40632711eaa5bf10604b8300cd
10.5209/clac.53494,b93651b8632711ea912410604b8300cd
10.1186/s12950-019-0227-x,ba902dba632711ea96e610604b8300cd
10.1093/database/baz085,bee56e10632711eaa19310604b8300cd
10.1103/PhysRevLett.123.192301,c48ebee4632711ea88d910604b8300cd
10.31053/1853.0605.v76.n2.22915,c7aa0240632711ea8d2710604b8300cd
10.31235/osf.io/xqjwv,ca86238a632711eaaafb10604b8300cd
10.1504/ijaose.2018.10010601,cc8c9f8a632711ea86f610604b8300cd
10.5194/bg-2017-400-supplement,ce368ae4632711eaa06710604b8300cd
10.1186/s40723-019-0064-7,cf61bd12632711eaae5910604b8300cd
10.1101/834325,d6b0b73e632711ea9b2310604b8300cd
10.35940/ijrte.b1305.0982s1119,e0e3bdbe632711eaa6d010604b8300cd
10.1140/epjc/s2004-01818-1,e3231b2c632711ea9ac910604b8300cd
10.1142/9789812702708_0040,e5749e36632711eaa39610604b8300cd
10.1007/jhep12(2017)026,e6e22646632711eab78710604b8300cd
10.1175/JPO-D-19-0007.1,e876df3a632711ea867d10604b8300cd
10.17712/nsj.2019.4.20190031,ead1619c632711eab2f210604b8300cd
10.1109/TIE.2019.2903750,f2696454632711eaad2310604b8300cd
10.3390/vision3040052,f5272ce4632711eab76910604b8300cd
10.1146/annurev-nucl-101918-023748,f7dfed34632711eaac8310604b8300cd
10.1093/mnras/stz3122,fb1e6a86632711ea85c110604b8300cd
10.5194/se-2018-19-supplement,04662422632811eab77b10604b8300cd
10.5194/gmd-2018-225-ac3,0a71f80a632811ea95de10604b8300cd
10.1038/s41561-018-0266-6,205c20da632811ea9f1210604b8300cd
10.1093/eurheartj/ehw433,21fd0ce2632811eaa09010604b8300cd
10.3390/jcm8111856,2567756e632811eab57c10604b8300cd
10.1371/journal.pone.0150341,2934d626632811ea9e3e10604b8300cd
10.1002/essoar.bde1036562e67449.6b8028d96d114023.1,2d38a7b4632811ea80d710604b8300cd
10.1900/RDS.2017.14.295,3494bc5a632811ea91d910604b8300cd
10.1016/j.jad.2019.10.013,361c7eda632811eaa7f910604b8300cd
10.1021/acschembio.6b00001,3770685c632811eab6c510604b8300cd
10.1158/1078-0432.CCR-15-0426,3c1f7a8c632811eaa45d10604b8300cd
10.1186/s12929-019-0569-y,403aa10c632811ea826a10604b8300cd
10.1007/978-3-642-16867-3,416c3ac8632811eaa3c710604b8300cd
10.1029/2018JB017287,4f031afa632811ea925210604b8300cd
10.1016/j.sste.2019.100305,5e72de64632811eaa6c010604b8300cd
10.1007/s00401-019-02026-8,61671822632811ea90ec10604b8300cd
10.3989/collectbot.2008.v28.005,663bfb6e632811eaa1a510604b8300cd
10.1016/s0378-1097(98)00038-x,6c00bf30632811ea8a4910604b8300cd
10.1093/jn/117.12.2147,754544ba632811ea9e5210604b8300cd
10.1079/pns19960051,7bad5af6632811ea8ddc10604b8300cd
10.1073/pnas.94.20.11073,7fe7eb5e632811eab0eb10604b8300cd
10.1079/bjn20031012,86422114632811eab1d810604b8300cd
10.1017/jns.2012.3,8abb858a632811eaaceb10604b8300cd
10.1111/hsc.12138,8edd3a92632811eaaa2f10604b8300cd
10.1039/b815446e,914660ac632811eabab410604b8300cd
10.1016/j.chroma.2008.01.016,934674e2632811ea87b610604b8300cd
10.1103/physrevc.98.024908,99942976632811eaaeb010604b8300cd
10.1111/evo.12329,a086b6e8632811ea8d2b10604b8300cd
10.1534/g3.116.033092,a2a60e1c632811ea99dd10604b8300cd
10.1002/evl3.74,a61e0914632811eaae1310604b8300cd
10.1111/mec.12883,a9538900632811eab12710604b8300cd
10.1111/jeb.12895,aa93c67e632811ea933610604b8300cd
10.1038/hdy.2016.97,ac304676632811eaade510604b8300cd
10.1111/mec.14183,add37c34632811eab09e10604b8300cd
10.1093/eurheartj/ehz299,b1e2485e632811ea93b810604b8300cd
10.5603/EP.a2019.0047,b7b9cde6632811ea8d3f10604b8300cd
10.15446/dyna.v86n209.77613,bb526b12632811eaa2f810604b8300cd
10.1186/s12917-019-2159-3,c31bfd3a632811eab1b610604b8300cd
10.3390/antiox8110505,c5a6fde4632811eaa93310604b8300cd
10.1038/s41591-019-0620-2,c8bcc3d0632811eab99610604b8300cd
10.1007/s10816-019-09427-9,cb9e8986632811ea8fd010604b8300cd
10.3390/microorganisms7020060,ce65ed7e632811ea9e0110604b8300cd
10.1186/s12871-019-0853-0,d12cdc64632811ea8d4710604b8300cd
10.5194/essd-2019-205,d31d149c632811eab70f10604b8300cd
10.1016/j.intell.2019.101386,d4814f46632811eab60d10604b8300cd
10.2147/ppa.s219564,d7435f8c632811ea94ae10604b8300cd
10.5194/hess-23-4293-2019,d987c53e632811eaa3ee10604b8300cd
10.1002/epi4.12360,dbc6385c632811ea98ab10604b8300cd
10.1136/bmjsem-2016-000175,de99f686632811eaba2410604b8300cd
10.1007/s12663-016-0988-1,e3c96f30632811eaa2b310604b8300cd
10.15172/pneu.2014.5/481,e712c052632811ea9eec10604b8300cd
10.3389/fimmu.2019.02397,ee1920c6632811eaa95810604b8300cd
10.1136/thoraxjnl-2018-212675,f1265ce4632811ea992a10604b8300cd
10.1007/s00701-019-04102-0,f623d08a632811eaa7d310604b8300cd
10.1118/1.4961986,f6bbb328632811eaa8a210604b8300cd
10.1098/rsbl.2019.0634,f9c6cc5a632811ea81f810604b8300cd
10.1186/s43045-019-0005-8,fef903c2632811eaa72f10604b8300cd
10.1007/JHEP10(2019)084,0493feb8632911ea992610604b8300cd
10.1124/mol.117.110379,07be33d2632911ea927010604b8300cd
10.7287/peerj.preprints.26991v1,0e5f525a632911ea91de10604b8300cd
10.1101/571455,106a3a5c632911eaac3910604b8300cd
10.1074/mcp.M117.067355,2bd8f262632911eabe6a10604b8300cd
10.35940/ijeat.e1016.0785s319,307b5c1a632911ea9f9310604b8300cd
10.1080/13510347.2019.1615456,36a53b78632911eabc2b10604b8300cd
10.3390/geosciences9090389,3852a8b0632911eaab5010604b8300cd
10.35940/ijrte.c6899.098319,46d5bf9c632911eaac6a10604b8300cd
10.1098/rspa.2019.0283,4b87e050632911eabba710604b8300cd
10.1016/s2213-2600(14)70061-x,54659f92632911ea8abc10604b8300cd
10.1038/s41370-019-0172-z,56010e36632911eab8a610604b8300cd
10.1109/ebccsp.2019.8836720,61141840632911ea8cfc10604b8300cd
10.1038/s41586-019-1676-3,641e2022632911ea9c5f10604b8300cd
10.1016/j.patcog.2019.107064,6c8ae1dc632911ea9e6610604b8300cd
10.1109/isit.2019.8849449,70625306632911eaa55010604b8300cd
10.1103/PhysRevD.100.072007,73be3eae632911ea802110604b8300cd
10.1186/s13643-019-1149-7,79b66668632911eaa92d10604b8300cd
10.1093/nar/gkp682,7c0e77fa632911eaa2a510604b8300cd
10.1186/1471-2148-9-9,8253cb62632911ea95c810604b8300cd
10.4049/jimmunol.1202254,83ae1c68632911ea89b810604b8300cd
10.3847/1538-3881/ab4da4,8e7b29ee632911ea9bc510604b8300cd
10.1086/677364,91925024632911eaa13610604b8300cd
10.1051/0004-6361/201936242,94c8df64632911eab0b110604b8300cd
10.12693/APhysPolA.134.297,9817d4cc632911eaae1210604b8300cd
10.20964/2019.03.300,9a1aa7ae632911ea98fe10604b8300cd
10.24084/repqj08.418,9df52598632911ea81c810604b8300cd
10.1017/s1744552316000033,a2021d54632911ea9eb510604b8300cd
10.1038/s41561-019-0476-6,a47e2c1a632911eab4b210604b8300cd
10.1038/leu.2014.197,a752fcb6632911ea95d910604b8300cd
10.21037/atm.2016.09.09,aba83cd8632911eaadfe10604b8300cd
10.21037/jtd.2017.10.139,ad47f088632911eaabd510604b8300cd
10.1103/PhysRevLett.123.162301,b154731e632911eaa46e10604b8300cd
10.1007/978-3-030-29736-7_38,b3f6536e632911eab5c110604b8300cd
10.1080/16549716.2019.1666566,b6390ba2632911ea95e310604b8300cd
10.1093/mnras/stz2252,b8922f86632911eaae4f10604b8300cd
10.1039/c9gc02776a,bcdd10e6632911ea835510604b8300cd
10.4054/DemRes.2019.41.29,bfc9aa50632911eab2ca10604b8300cd
10.1051/medsci/2019157,c22b5758632911eab90910604b8300cd
10.1161/JAHA.117.006703,c53efaa2632911ea810510604b8300cd
10.1007/s13202-017-0387-2,d5d16700632911ea9a4110604b8300cd
10.1200/JCO.2019.37.7_suppl.32,de78dd62632911ea815210604b8300cd
10.4238/gmr18330,e2481418632911eaaef510604b8300cd
10.3390/catal9070613,e6500382632911eaab3210604b8300cd
10.1038/s41467-019-12668-7,ebf02db6632911ea99d510604b8300cd
10.1016/j.ophtha.2019.08.015,ede6f490632911ea9cfb10604b8300cd
10.1038/s41416-019-0587-2,efe88f34632911ea8e1010604b8300cd
10.1073/pnas.1913531116,f4665f88632911eaa7e410604b8300cd
10.1126/science.aay7976,f62a8598632911ea93f410604b8300cd
10.1136/bmjopen-2019-029507,f9fd6378632911eab85e10604b8300cd
10.1186/s12889-019-7594-3,fe32764a632911eab0db10604b8300cd
10.1038/s41371-019-0267-y,00406b1e632a11ea998910604b8300cd
10.1016/j.physletb.2019.134952,030780e4632a11eab90510604b8300cd
10.1126/sciimmunol.aaw0336,071cdbb8632a11ea9f4810604b8300cd
10.3390/molecules23020410,0ddd4010632a11eab16010604b8300cd
10.1002/ptr.6209,0ff40d1a632a11ea9aa710604b8300cd
10.1136/bmjopen-2019-030538,117f9fa8632a11ea80ad10604b8300cd
10.1177/2041419618807721,19292b78632a11ea9b6010604b8300cd
10.1103/PhysRevD.84.044045,1a6153ca632a11ea824010604b8300cd
10.1061/(ASCE)EM.1943-7889.0001546,1cfb4618632a11eab54110604b8300cd
10.5505/itujfa.2019.36097,27e68406632a11eabcd310604b8300cd
10.1016/S0954-6111(13)70053-2,2ecae474632a11eab52a10604b8300cd
10.1136/bmjpo-2019-000446,32a7f9de632a11eaa41a10604b8300cd
10.1038/s41598-018-33693-4,34d33608632a11ea8c5d10604b8300cd
10.1111/j.1478-9302.2011.00254.x,3c8bb6de632a11eab92410604b8300cd
10.3390/nu11102396,4433702c632a11eab43f10604b8300cd
10.3366/shr.2019.0399,4936fd9e632a11ea965410604b8300cd
10.1088/1742-6596/1271/1/012004,4a353336632a11eabd9b10604b8300cd
10.1186/1617-9625-12-1,4f3b5846632a11ea948910604b8300cd
10.1177/2050312117697173,542105c2632a11ea869d10604b8300cd
10.4103/2249-4863.154632,55f9f18c632a11ea873a10604b8300cd
10.1080/02643294.2014.967759,5b607710632a11eab7f710604b8300cd
10.1074/jbc.M115.652263,5ddaff6e632a11ea825f10604b8300cd
10.1038/s41597-018-0001-6,67eddc00632a11ea860810604b8300cd
10.1016/j.celrep.2019.03.099,6a02ad76632a11eab9b310604b8300cd
10.1136/bmjopen-2019-029203,6f79d236632a11ea845010604b8300cd
10.1021/acs.langmuir.9b02419,734697a2632a11ea8ce210604b8300cd
10.1007/s12039-014-0612-1,77ee7e9c632a11ea886f10604b8300cd
10.1016/j.ccl.2014.09.001,7aee9cee632a11ea836810604b8300cd
10.1161/STROKEAHA.115.009618,7f2fe3ec632a11ea9ba010604b8300cd
10.1088/1742-6596/744/1/012206,85c23798632a11eaa5f910604b8300cd
10.2463/mrms.mp.2015-0090,8800f8ca632a11eabd5210604b8300cd
10.1038/s41598-019-39605-4,90be19dc632a11ea9d4110604b8300cd
10.1016/j.jnca.2017.06.001,9421a6d8632a11ea9c1f10604b8300cd
10.1007/978-3-030-28464-0_42,96205ba4632a11ea8b0810604b8300cd
10.2147/IJN.S217112,98e24222632a11ea939810604b8300cd
10.1098/rsos.172364,9bece61a632a11eab7ce10604b8300cd
10.3934/ipi.2009.3.69,9db35592632a11ea938510604b8300cd
10.3233/FI-2017-1588,9fe2d6d0632a11ea9d8d10604b8300cd
10.1080/02664763.2019.1676404,a1f9a3ca632a11eab88f10604b8300cd
10.24187/ecostat.2018.500t.1949,a4477dca632a11eab20b10604b8300cd
10.1016/j.jbusres.2015.11.008,a6bb0348632a11ea9e4010604b8300cd
10.3892/ol.2015.3852,aeb9f4a4632a11ea816d10604b8300cd
10.11607/ijp.5130,b2a1dde4632a11eab5b110604b8300cd
10.1186/1556-276X-7-8,b4ed6ebe632a11ea9e1810604b8300cd
10.1101/789537,b7ba4ffe632a11eab48210604b8300cd
10.1007/s40279-019-01215-5,c04036b4632a11ea8c7610604b8300cd
10.1088/1755-1315/329/1/012040,c4df1e70632a11eaa93b10604b8300cd
10.1136/bmjopen-2018-028718,c6927e74632a11eabdb110604b8300cd
10.1108/CDI-10-2015-0130,ca08a49c632a11eaa16510604b8300cd
10.1037/apl0000393,cb62323e632a11ea93c510604b8300cd
10.1136/bmjopen-2019-029235,ccd64976632a11eabfcc10604b8300cd
10.1136/bmjopen-2019-030728,d116570a632a11eaac1d10604b8300cd
10.1097/inf.0000000000002454,d38fce1c632a11ea984b10604b8300cd
10.1371/journal.pone.0223021,d4b0c898632a11ea922010604b8300cd
10.1017/s1041610219001418,d78d85de632a11eaa71a10604b8300cd
10.2147/IJN.S213836,d9dbade8632a11ea932b10604b8300cd
10.1182/blood-2015-04-640805,e1cc70b6632a11eabb4c10604b8300cd
10.1371/journal.pone.0222194,e57dc212632a11ea9e3810604b8300cd
10.1371/journal.pntd.0005157,e90941be632a11eaadcf10604b8300cd
10.1109/TSP.2019.2943234,ec9eaaf4632a11ea977510604b8300cd
10.1038/srep10710,eec1f924632a11eabeb110604b8300cd
10.1167/16.10.3,f3147a66632a11eaa73110604b8300cd
10.3390/en12193666,0273792e632b11ea9bd210604b8300cd
10.1016/j.erss.2019.101306,03a2a236632b11ea955110604b8300cd
10.1186/s12879-019-4430-4,054a0eb6632b11eaace710604b8300cd
10.1038/s41598-019-50260-7,0ec30a5a632b11ea8e3910604b8300cd
10.7554/eLife.30867,13c3ddb6632b11ea879c10604b8300cd
10.1029/2019GC008515,192e0c00632b11eabb4310604b8300cd
10.1016/j.palaeo.2017.10.011,1d29ef46632b11ea868010604b8300cd
10.1016/j.quascirev.2010.07.012,1ff9dd3a632b11eabf9c10604b8300cd
10.5194/cp-12-483-2016,23d12730632b11eab04410604b8300cd
10.3390/ani9100728,3228525a632b11eab52110604b8300cd
10.3389/fpsyg.2019.02076,34b1f36e632b11ea806f10604b8300cd
10.3390/cells8040369,3679261e632b11eabb0710604b8300cd
10.3390/pharmaceutics10040200,38024818632b11ea85e510604b8300cd
10.1158/1078-0432.CCR-14-1380,3a2cc0fe632b11eaa8d210604b8300cd
10.1016/j.nima.2016.06.095,3e39ba86632b11eabfd710604b8300cd
10.1149/2.0581709jes,442c1694632b11eab78d10604b8300cd
10.3390/en10060803,47470b90632b11ea8a9410604b8300cd
10.3390/molecules24081453,49517e64632b11eab9aa10604b8300cd
10.1016/j.ces.2014.12.055,4c55e1a6632b11ea8b7510604b8300cd
10.1016/j.gr.2016.11.008,50ec8d46632b11eaaf2610604b8300cd
10.4013/cld.2019.172.06,611e23fe632b11ea98bf10604b8300cd
10.1093/inthealth/ihz058,6721463e632b11ea9a5010604b8300cd
10.1093/annonc/mdz396,68cc1ba6632b11eaa91710604b8300cd
10.1007/s40120-019-00155-6,6ae420f4632b11ea93cc10604b8300cd
10.1103/PhysRevC.100.044323,6bceaa8c632b11ea887110604b8300cd
10.1016/j.bone.2016.08.012,7609ec46632b11eabad810604b8300cd
10.1186/s12887-018-0997-y,7810681a632b11ea985410604b8300cd
10.1002/adsc.201600570,7c78b802632b11ea965110604b8300cd
10.1051/0004-6361/201321573,7df5589e632b11eab07210604b8300cd
10.1051/0004-6361/201116461,96d8e638632b11eaba6410604b8300cd
10.1051/0004-6361/201116464,9c6bf2e8632b11ea9c7d10604b8300cd
10.1016/j.agsy.2016.03.005,a0511d52632b11eabe4010604b8300cd
10.1103/PhysRevD.80.083004,a3191d5e632b11ea9fae10604b8300cd
10.1103/PhysRevD.81.103003,a562160a632b11ea813c10604b8300cd
10.1371/journal.pmed.1002851,0dfc4930633011eaa25110604b8300cd
10.1112/blms.12051,107dae0a633011eaae1810604b8300cd
10.1007/978-3-030-35389-6_14,16335828633011eab48910604b8300cd
10.1016/j.jbankfin.2016.11.004,188a0a2c633011ea8f1710604b8300cd
10.1371/journal.pone.0218663,19fb3ae2633011eaa53010604b8300cd
10.4155/fso.15.18,1d8819a6633011ea84bf10604b8300cd
10.1109/bloc.2019.8751389,21772f8a633011ea8f0b10604b8300cd
10.1002/14651858.CD012656.pub2,236c21ba633011eaa05410604b8300cd
10.1177/1756286419860652,24ca42a8633011ea8c7a10604b8300cd
10.1107/S2053273318094500,2d0f8042633011eaa09910604b8300cd
10.26803/ijlter.18.6.4,2e5eaf58633011ea8a2710604b8300cd
10.1017/sjp.2019.33,2f760e46633011ea80b210604b8300cd
10.5506/APhysPolB.50.1159,30fff350633011eaad4510604b8300cd
10.5506/APhysPolB.50.1217,32464a24633011ea983310604b8300cd
10.3389/fphy.2019.00097,391dd8ec633011ea947f10604b8300cd
10.1021/acssuschemeng.9b01644,3b7b199c633011eaa1df10604b8300cd
10.1103/PhysRevLett.123.022001,3cd8775c633011ea8c8510604b8300cd
10.1136/annrheumdis-2018-eular.2447,40a4512e633011ea8e8610604b8300cd
10.1242/jeb.182741,439fb6e4633011eabe2110604b8300cd
10.2514/6.2019-1386,4634eed4633011ea8a7f10604b8300cd
10.1016/j.neulet.2014.07.010,50abf83a633011eaba1310604b8300cd
10.1007/s00229-019-01137-6,55297a1e633011eab43810604b8300cd
10.22489/cinc.2018.218,5a24f200633011ea9a0d10604b8300cd
10.1038/s41597-019-0134-2,5bc541be633011ea9a6810604b8300cd
10.1136/annrheumdis-2019-eular.7318,5e37b4c8633011eabb9310604b8300cd
10.1136/annrheumdis-2019-eular.6065,62f23626633011ea930610604b8300cd
10.2139/ssrn.3187425,658ceb68633011ea8df010604b8300cd
10.1029/2019ja026744,68af3234633011eab69110604b8300cd
10.1088/1748-0221/11/10/C10013,6ab75b7a633011eaaa6710604b8300cd
10.1530/ERP-19-0020,74bf865c633011ea9e0010604b8300cd
10.1186/s12862-019-1468-2,7a3d875c633011ea87ec10604b8300cd
10.1039/c9fd00074g,7cff6da4633011eaacae10604b8300cd
10.1136/gutjnl-2018-318126,80b35652633011ea82a110604b8300cd
10.21468/SciPostPhys.7.4.041,8aa146be633011eabdcf10604b8300cd
10.1103/PhysRevC.100.014302,8cfe3d2c633011eab20e10604b8300cd
10.3390/inventions2040036,8e947c66633011eab08210604b8300cd
10.1002/chem.201704558,910edd68633011eaaf5010604b8300cd
10.1016/j.jimonfin.2019.01.004,9d51f97e633011ea804710604b8300cd
10.5433/1679-0359.2019v40n4p1543,a135ec62633011ea839710604b8300cd
10.3934/amc.2019045,a4edf324633011ea9d6a10604b8300cd
10.1007/s00296-019-04354-0,a731202c633011eaa61510604b8300cd
10.1136/annrheumdis-2019-eular.2794,b07ad3f8633011ea9c7e10604b8300cd
10.24200/sci.2018.21078,b4807964633011eaa21310604b8300cd
10.1039/c9sc01135h,a8dd99d8633111ea91c410604b8300cd
10.3389/fmars.2019.00260,bcefa038633111eaa82910604b8300cd
10.1093/tropej/fmr032,bee702f8633111ea957d10604b8300cd
10.3847/1538-4357/ab12dd,c06cf0e4633111ea852210604b8300cd
10.1103/PhysRevD.100.052011,c18eae82633111ea8ed910604b8300cd
10.1016/s2213-8587(19)30192-5,c6b304ae633111ea81bb10604b8300cd
10.1103/PhysRevE.99.062105,c9a2d186633111ea878a10604b8300cd
10.1016/S2542-5196(19)30083-X,cc151d78633111ea9c3810604b8300cd
10.1108/ijilt-02-2019-0024,d01b860a633111ea9e3610604b8300cd
10.3390/md17060338,d3456c98633111ea900110604b8300cd
10.4054/DemRes.2019.40.46,d60b729c633111eaae6810604b8300cd
10.1007/s12221-014-0307-8,d9b12da6633111eaa1d810604b8300cd
10.1063/1.4870392,dadcadb6633111ea99ce10604b8300cd
10.1088/1748-0221/9/10/C10036,e25b14a2633111eaa5f910604b8300cd
10.1038/nutd.2015.3,f044e7c8633111ea9c2810604b8300cd
10.1155/2015/425186,f4478062633111ea8ec610604b8300cd
10.1016/j.polymertesting.2015.10.003,fc467108633111eabd4410604b8300cd
10.1186/s12885-016-2669-3,05da1c46633211eab8ad10604b8300cd
10.1002/app.44344,089e730a633211eaa39c10604b8300cd
10.1051/matecconf/20178701016,0c3e3a98633211eab78e10604b8300cd
10.4172/pharmaceutical-sciences.1000130,0dc6c09a633211ea94e410604b8300cd
10.1088/1748-0221/12/02/P02003,0e71d9a8633211ea86d010604b8300cd
10.15666/aeer/1503_13431354,141ab46e633211ea9f2510604b8300cd
10.1056/NEJMoa1709118,17cffc6e633211ea84ad10604b8300cd
10.1073/pnas.1718266114,19763f7a633211eaa1b010604b8300cd
10.1016/j.bios.2017.12.004,1c8c2c0c633211ea848310604b8300cd
10.1177/0962280216662070,1eb54568633211ea9e8310604b8300cd
10.1590/0104-1428.2357,261c5380633211ea8a2710604b8300cd
10.1097/QAI.0b013e31829ceaec,2aeacedc633211eaa28f10604b8300cd
10.1097/MCG.0b013e31829ae376,2c1e3ce8633211eaaba710604b8300cd
10.1155/2014/521065,2cb58352633211ea99e510604b8300cd
10.1097/MBC.0000000000000126,31d56d54633211eabc8f10604b8300cd
10.3791/51673,33660806633211ea901a10604b8300cd
10.1038/eye.2014.241,3b8f364c633211eaa0d310604b8300cd
10.1057/s41267-017-0132-6,42923af8633211eaac3810604b8300cd
10.1016/j.puhe.2015.07.034,46527f14633211ea9fe410604b8300cd
10.1212/WNL.0000000000001946,476dfbf6633211eab79610604b8300cd
10.1039/c5nr06168g,49a2fc7e633211eabd4310604b8300cd
10.1177/2050312115610129,511b93ee633211ea800d10604b8300cd
10.5492/wjccm.v5.i1.83,52634a28633211ea8cd510604b8300cd
10.5546/aap.2016.eng.56,558569c6633211ea90af10604b8300cd
10.21834/e-bpj.v3i9.1500,5801c63a633211ea972c10604b8300cd
10.1371/journal.pone.0156660,5a286f06633211eaa2c210604b8300cd
10.1111/1756-185X.12933,5c95655c633211ea93df10604b8300cd
10.1186/s12864-016-2951-4,5d665068633211eaa1e210604b8300cd
10.17712/nsj.2016.4.20160199,5ee7d24c633211ea866e10604b8300cd
10.5662/wjm.v6.i3.181,605e322e633211eabe4b10604b8300cd
10.1063/1.4967402,635502d4633211eab09f10604b8300cd
10.18632/oncotarget.16573,6c3ef1fa633211eaa0b010604b8300cd
10.3390/polym9040137,6e5bff4c633211ea9e3e10604b8300cd
10.1387/ijdb.160275as,7197bd74633211eaa78b10604b8300cd
10.1371/journal.pone.0180425,74e5c830633211ea83a810604b8300cd
10.2147/NDT.S140869,771d11fe633211eab52b10604b8300cd
10.1155/2017/6714307,7a97078c633211eaa10210604b8300cd
10.18295/squmj.2017.17.03.002,7bb5df5e633211eaa9d810604b8300cd
10.1155/2017/7357495,80d146b0633211eab36b10604b8300cd
10.1017/S0031182018000136,85b224a6633211ea872810604b8300cd
10.1124/pr.117.014753,8806be94633211ea899810604b8300cd
10.1117/1.JBO.23.6.066002,8e7224cc633211eab32810604b8300cd
10.1016/j.econmod.2016.01.028,9d278114633211eaa8ce10604b8300cd
10.1242/bio.037390,a03a20a4633211ea8bfa10604b8300cd
10.3390/s19081785,a800c818633211ea873710604b8300cd
10.7717/peerj-cs.88,adf169ee633211eaa7fe10604b8300cd
10.1364/OL.40.004955,b5ea8c0c633211eabf5610604b8300cd
10.1093/mnras/stx1676,b92fcd5c633211eaa03210604b8300cd
10.1109/TVT.2019.2924543,d68dba52633211ea9d6910604b8300cd
10.3389/fvets.2019.00218,dad70148633211eaa4e810604b8300cd
10.1111/hex.12940,df6fbcbe633211eabed310604b8300cd
10.14814/phy2.14082,e09cc87a633211ea890e10604b8300cd
10.4236/gep.2019.71006,e2e61958633211ea890d10604b8300cd
10.1038/s41588-019-0449-0,e618e69c633211ea8b2910604b8300cd
10.1093/database/baz021,e94747d2633211eaba6c10604b8300cd
10.1016/S2213-2600(19)30114-6,053de50c633311eabe9d10604b8300cd
10.1089/biores.2018.0036,08bb202e633311eaad9710604b8300cd
10.1186/s12913-019-4209-8,11a55ecc633311eaa36c10604b8300cd
10.1088/1748-0221/14/05/P05025,128280d8633311eaa26910604b8300cd
10.3390/su11092484,1b8bb4d8633311eabdec10604b8300cd
10.1017/s0020859018000214,1ee03652633311eaba4310604b8300cd
10.20945/2359-3997000000120,22243f58633311eabb4010604b8300cd
10.3390/molecules24112053,267a55b4633311ea8e6710604b8300cd
10.1016/j.jbankfin.2016.06.011,2c849678633311ea847210604b8300cd
10.1007/s11156-016-0570-4,2d5fe402633311ea961c10604b8300cd
10.1016/S0167-8140(19)31262-9,320f3274633311ea8f2210604b8300cd
10.15666/aeer/1703_64576471,34580d7e633311ea9a1510604b8300cd
10.1016/j.jebo.2019.06.011,3777f08a633311ea9c7410604b8300cd
10.1016/S0167-8140(19)30727-3,38a7ba94633311ea922910604b8300cd
10.1126/science.aau6520,3c105c62633311ea867b10604b8300cd
10.1038/srep18664,43884fee633311eab9c510604b8300cd
10.2174/1573412913666170330150807,4839706e633311eaa13510604b8300cd
10.1016/j.jcp.2012.08.013,4f9f1724633311ea9fb610604b8300cd
10.1093/ejil/chw007,57e9315c633311ea86aa10604b8300cd
10.1016/j.ajhg.2019.05.002,59664d4c633311ea98b510604b8300cd
10.1371/journal.pone.0217864,5fb309f4633311ea83bf10604b8300cd
10.1001/jamaophthalmol.2019.1640,69849f0c633311ea885a10604b8300cd
10.1590/1984-70332019v19n1a02,6f4e3454633311ea9fcf10604b8300cd
10.3390/jcm8060793,731a44f6633311eab86110604b8300cd
10.1103/PhysRevLett.123.111601,7896d678633311ea96a710604b8300cd
10.1108/lm-09-2018-0072,7c2f5b1a633311ea937210604b8300cd
10.1080/13573322.2015.1118030,7d6983fe633311ea899110604b8300cd
10.26873/svr-753-2019,7ecf4aa8633311ea86b010604b8300cd
10.1038/s41598-019-43684-8,805febe4633311eab10d10604b8300cd
10.1093/cid/ciz405,857c90c0633311ea94b610604b8300cd
10.7759/cureus.4270,87f46468633311eab72210604b8300cd
10.3390/medicina55050189,89090928633311ea821d10604b8300cd
10.3390/mi10060369,8c01e1b4633311eaa73e10604b8300cd
10.1007/s10620-019-05568-9,8ede83a2633311eaa86f10604b8300cd
10.3390/diagnostics9020058,9021abf0633311ea879c10604b8300cd
10.1177/1757913919835858,91b33770633311ea996c10604b8300cd
10.1086/320701,932ea5f0633311ea874710604b8300cd
10.1128/IAI.61.7.2827-2833.1993,96bccbe8633311ea816e10604b8300cd
10.1371/journal.pone.0017316,9aad2840633311ea9f3610604b8300cd
10.1371/journal.pone.0032534,9daf7758633311ea882f10604b8300cd
10.1128/JVI.79.17.11247-11258.2005,a039e608633311ea927a10604b8300cd
10.1128/JVI.00245-08,a372a6d2633311ea92d610604b8300cd
10.2174/1874834101609010289,a92164d2633311eab02210604b8300cd
10.3389/fphar.2018.01566,abe8ad06633311ea88fd10604b8300cd
10.1038/sj.bjc.6603746,af7dd814633311eab2b210604b8300cd
10.1103/physreve.99.052209,b13f6f9a633311eab9d710604b8300cd
10.3150/17-BEJ944,b7a1ad18633311eabfaf10604b8300cd
10.1093/femsle/fnz066,b93ab398633311eab69210604b8300cd
10.1007/978-3-319-23534-9_8,c211def0633311eabbfe10604b8300cd
10.4028/www.scientific.net/kem.778.126,c5011bf0633311eaabcd10604b8300cd
10.3233/FI-2017-1471,c8465c1c633311eaa3b610604b8300cd
10.1039/c9fd00009g,ca3d2af8633311ea91d410604b8300cd
10.4314/ahs.v19i1.44,cfb4db1c633311eabf5410604b8300cd
10.3390/info10050154,d13e786c633311ea99ca10604b8300cd
10.12924/si2013.01010013,d573756c633311eab3bf10604b8300cd
10.1016/j.jaci.2013.12.1093,dfb1c6d0633311eaa38210604b8300cd
10.1177/016934411403200205,e1e129f4633311ea9b7410604b8300cd
10.1186/s12936-019-2826-7,e59b8906633311eabe8910604b8300cd
10.1093/alcalc/agy085,ea684278633311ea8b8410604b8300cd
10.3389/fvets.2019.00084,ed577e88633311ea8e9a10604b8300cd
10.1103/PhysRevLett.122.192502,f20c4694633311eab27510604b8300cd
10.3390/en12071251,f4a7c918633311eab5db10604b8300cd
10.1093/heapol/czz028,fafe7124633311ea888710604b8300cd
10.1097/IGC.0000000000001321,fcc165ba633311ea984210604b8300cd
10.1152/ajpregu.00182.2009,01dbbee4633411ea854410604b8300cd
10.2337/db06-0558,03191b26633411eaa09110604b8300cd
10.1152/ajpregu.00226.2005,06cb1698633411ea8fa810604b8300cd
10.1007/s00213-013-3248-9,07c2c122633411eaad1b10604b8300cd
10.1016/j.ijpddr.2019.05.001,08cc4388633411eaa60b10604b8300cd
10.3389/feart.2019.00083,09e5c940633411eaac9f10604b8300cd
10.1172/JCI127460,0fb6d5e8633411eab02b10604b8300cd
10.1126/scitranslmed.aav3523,146d999e633411eaa1d110604b8300cd
10.5194/acp-19-6205-2019,16173cde633411eaa64910604b8300cd
10.1073/pnas.1819449116,1a3e09b0633411ea91df10604b8300cd
10.1136/bmjopen-2018-021944,22368a88633411eab7fd10604b8300cd
10.1007/s00401-018-1926-8,27d62efa633411eab22010604b8300cd
10.1038/s41598-017-05406-w,2927d3da633411ea9a3410604b8300cd
10.4049/jimmunol.0901638,2cf9d5d8633411eab35510604b8300cd
10.1590/2317-488920160032093,355c7b46633411ea931f10604b8300cd
10.1016/j.oceaneng.2018.09.030,3b544436633411eaa04c10604b8300cd
10.3390/cancers11050691,407c7e4c633411ea8ff410604b8300cd
10.1371/journal.ppat.1007803,42865ca4633411ea88e310604b8300cd
10.1038/s41467-019-10195-z,4b746794633411ea98ac10604b8300cd
10.1002/cphc.201900424,4dcf19c0633411eab0a710604b8300cd
10.1186/s40679-015-0008-4,5210beee633411eab3d710604b8300cd
10.1038/s41588-019-0438-3,53645f48633411eabb5a10604b8300cd
10.3390/machines6030032,561e3af8633411ea80e510604b8300cd
10.1016/j.parkreldis.2015.07.020,5a3997ba633411ea992d10604b8300cd
10.17116/jnevro20181181175-76,5c0e63d2633411ea92e110604b8300cd
10.5833/jjgs.2015.0073,5e8f5e9a633411eaa27610604b8300cd
10.1124/dmd.114.061689,6360fae2633411eaa5ee10604b8300cd
10.1266/ggs.16-00045,6c0f9410633411ea8de810604b8300cd
10.5833/jjgs.2017.0142,726af2cc633411eab5e610604b8300cd
10.1136/bmjopen-2019-029780,7b19d8a6633411ea88f710604b8300cd
10.1371/journal.pone.0216772,7e81dd24633411ea97e210604b8300cd
10.1103/PhysRevLett.123.081802,8128b21c633411ea920310604b8300cd
10.1186/s40468-015-0021-5,858a0eb6633411eaaf8e10604b8300cd
10.1175/JCLI-D-18-0829.1,87de5918633411eaa97910604b8300cd
10.1136/bmjgh-2019-001466,895c85d8633411ea92d210604b8300cd
10.1017/gmh.2019.4,8d7f5cb6633411eaa11810604b8300cd
10.1016/j.ejogrb.2016.07.509,9cccb93e633411ea859110604b8300cd
10.1007/s10021-019-00368-8,a2335198633411ea92ba10604b8300cd
10.1007/s10711-019-00455-z,a3519170633411eab64a10604b8300cd
10.1016/j.physletb.2019.04.039,a4671f8c633411eabb6e10604b8300cd
10.1016/j.jclinepi.2019.05.007,a7604476633411eab0e810604b8300cd
10.1038/s41598-019-43821-3,a97ee130633411ea824d10604b8300cd
10.1016/j.ijpe.2015.07.019,ac796558633411ea9b4510604b8300cd
10.1038/s41598-019-43644-2,b0f87db4633411eaafff10604b8300cd
10.1155/2009/398767,b4b7959e633411ea907a10604b8300cd
10.1128/JCM.36.9.2681-2685.1998,b64b1ba8633411eaa5b710604b8300cd
10.1016/j.tube.2007.02.002,b9d8ca50633411ea8bb110604b8300cd
10.1371/journal.pone.0026452,be6e9bb4633411eabf8410604b8300cd
10.1183/09031936.00012212,c010298a633411eab37510604b8300cd
10.2136/vzj2018.03.0062,c5b8f328633411ea99ff10604b8300cd
10.4049/jimmunol.1101446,cf51ee38633411eaa04610604b8300cd
10.1007/BF00868520,d37fbdba633411ea980710604b8300cd
10.1136/jnnp.53.11.1015,d6fad162633411ea8ea110604b8300cd
10.1128/AAC.00378-19,da23b20a633411ea8edc10604b8300cd
10.1371/journal.pone.0216204,df616b6e633411eabdfd10604b8300cd
10.1186/s12936-019-2791-1,e23d486c633411eaa8b910604b8300cd
10.1101/550632,e4be9066633411eaaa9910604b8300cd
10.1038/s41582-019-0197-x,e7f5805e633411ea9ffa10604b8300cd
10.1038/s41467-019-10161-9,e9f796fa633411ea988c10604b8300cd
10.1186/s13023-019-1069-6,ec4070b0633411ea850810604b8300cd
10.1097/jsm.0000000000000501,edf5aac6633411ea98ca10604b8300cd
10.2807/1560-7917.ES.2019.24.18.1800511,f0baceb6633411ea9cb210604b8300cd
10.1140/epjc/s10052-019-6863-8,f29d53f0633411eabd8210604b8300cd
10.1016/j.ijrobp.2010.08.003,f5d91da4633411eabdb510604b8300cd
10.1136/heartjnl-2016-309890.91,f7027f50633411eaa04010604b8300cd
10.1123/ijsnem.2018-0305,f8f29736633411eabf1f10604b8300cd
10.1140/epja/i2019-12901-5,fa330000633411ea81c510604b8300cd
10.1088/0004-637X/786/1/48,00bd5564633511eaad2d10604b8300cd
10.1007/s12185-014-1561-7,03163262633511eaad5b10604b8300cd
10.1136/bmjopen-2013-004645,05bd995c633511eab7a310604b8300cd
10.3748/wjg.v20.i34.12082,07e0c7e8633511ea866210604b8300cd
10.1088/2041-8205/797/1/L8,0be0ff98633511ea9ce510604b8300cd
10.1007/s11257-015-9154-6,0fa56de6633511ea8f0410604b8300cd
10.1088/0004-6256/150/1/5,149e3ac8633511ea9e4d10604b8300cd
10.1051/0004-6361/201525975,19164f38633511eabd4c10604b8300cd
10.1051/0004-6361/201525964,21e402e4633511eaa1c410604b8300cd
10.1051/0004-6361/201526671,2f95c1c2633511eaa43210604b8300cd
10.1021/acssuschemeng.5b01155,32b184e4633511eab31510604b8300cd
10.1016/j.pocean.2015.07.013,35b57d9a633511ea83a710604b8300cd
10.1088/1748-9326/10/12/124024,390fc780633511eab7df10604b8300cd
10.1051/0004-6361/201526834,3d5eb414633511ea8e3210604b8300cd
10.1136/bmjopen-2015-009375,3fa4a800633511ea8f3d10604b8300cd
10.3847/0004-637X/821/1/19,4225eec0633511ea89fe10604b8300cd
10.1051/0004-6361/201528029,45a74314633511eaaefc10604b8300cd
10.1051/0004-6361/201526968,49c0ca24633511eab16410604b8300cd
10.1016/j.biocon.2016.07.032,4f8e7988633511eaacbd10604b8300cd
10.3399/bjgp16X687637,5186cd0a633511ea9bff10604b8300cd
10.1051/0004-6361/201628764,52c11be8633511ea8f7610604b8300cd
10.1186/s12872-017-0594-2,6360e40a633511eaac7d10604b8300cd
10.1038/s41598-017-06082-6,6616c71e633511ea9fcc10604b8300cd
10.1093/mnras/stx1275,6883c4d2633511eabf0710604b8300cd
10.1093/mnras/stx1691,6e79bb3a633511eabe9c10604b8300cd
10.1088/1742-6596/909/1/012004,73d29862633511eab9d810604b8300cd
10.3390/jcm7040072,77236ce4633511ea849710604b8300cd
10.1088/1755-1315/140/1/012063,78dd12b4633511eab63210604b8300cd
10.3847/1538-3881/aac432,7ca3547a633511eaa26d10604b8300cd
10.1016/j.ijhydene.2018.06.002,7f419450633511ea972110604b8300cd
10.1253/circj.CJ-18-0655,8379c19a633511ea8ef610604b8300cd
10.3390/electronics8010095,86ece734633511ea909810604b8300cd
10.3390/pathogens8020058,8e45e1d4633511ea94f210604b8300cd
10.1073/pnas.1820556116,90c5054a633511eabac810604b8300cd
10.1136/bmjopen-2018-022105,9537c22c633511eabde610604b8300cd
10.14745/ccdr.v44i09a04,9817713e633511ea92b210604b8300cd
10.1186/s12893-019-0509-5,9970dc98633511eab63b10604b8300cd
10.1002/jrsm.1353,9b9f054c633511eaac7010604b8300cd
10.4102/ajlm.v8i1.739,a336d3dc633511eaa24010604b8300cd
10.3390/s18103371,a963368a633511ea8c8510604b8300cd
10.1155/2019/1706264,abbb7692633511ea840a10604b8300cd
10.1007/JHEP04(2019)122,ae71a7ca633511ea990d10604b8300cd
10.1007/s00334-012-0359-x,b7e2ac00633511eaa10d10604b8300cd
10.1186/s12884-019-2302-y,b92891d4633511eab03c10604b8300cd
10.1017/glj.2019.32,bc181a0a633511ea806e10604b8300cd
10.1038/s41588-019-0397-8,bf7afa92633511ea956e10604b8300cd
10.24140/issn.1645-7250.rle40.05,c1c421ac633511eab00810604b8300cd
10.1016/S0167-8140(16)32181-8,ca269b5c633511ea950d10604b8300cd
10.1088/1742-6596/1182/1/012013,d04e43b0633511eabf6b10604b8300cd
10.1017/S0007114517001568,d4624c46633511ea8dce10604b8300cd
10.5194/bg-16-1563-2019,d5f8deb0633511ea8fe010604b8300cd
10.1016/j.jpsychores.2015.07.003,d8dc5afa633511eab1fe10604b8300cd
10.1177/0956797617709813,db222734633511ea962810604b8300cd
10.1186/s12966-018-0652-x,dca4248a633511eaa27c10604b8300cd
10.15252/emmm.201810092,e33d1c18633511eaa6a810604b8300cd
10.1007/s10067-019-04549-7,e638b0c0633511eab94410604b8300cd
10.3178/hrl.9.90,eb06ee06633511eabba610604b8300cd
10.1007/s11136-019-02193-x,f0e73b74633511ea857e10604b8300cd
10.1103/PhysRevB.90.115202,f314a128633511eabaa510604b8300cd
10.1016/j.physletb.2019.134942,f8ba0cd8633511eabada10604b8300cd
10.5194/os-15-431-2019,fe458ac6633511eaaba710604b8300cd
10.1136/bmjspcare-2018-001740,05f6f498633611ea851110604b8300cd
10.1113/jp277474,08f7deb6633611eabb2410604b8300cd
10.1007/s10654-019-00502-9,0f50527a633611eaaa5f10604b8300cd
10.1038/s41598-019-40399-8,16e625c2633611eab6c910604b8300cd
10.3390/ani9040144,1c5fa458633611eaa9ad10604b8300cd
10.3389/fped.2019.00075,1d6ad352633611eab8b910604b8300cd
10.1093/inthealth/ihz007,1fcb2800633611ea8b8410604b8300cd
10.1016/j.otsr.2019.02.020,21cec414633611eaa58d10604b8300cd
10.1177/2472555219838341,230543f4633611ea825010604b8300cd
10.1016/S0167-8140(16)33108-5,244c3adc633611eaba0810604b8300cd
10.7196/SAJP.574,25f170d2633611eaa19a10604b8300cd
10.4305/metu.jfa.2015.2.5,2805ac4c633611eaaa5410604b8300cd
10.5455/bcp.20150707103818,2a057862633611eabfbe10604b8300cd
10.4274/haseki.3914,2d250b70633611eabb7110604b8300cd
10.1186/s13256-016-0828-4,31918676633611ea84fb10604b8300cd
10.1186/s40064-016-2837-6,32a259fa633611eabb2f10604b8300cd
10.3389/fchem.2019.00210,33fed1a4633611ea83d510604b8300cd
10.1038/srep24128,38f85d26633611ea979610604b8300cd
10.1039/c7ra07810b,3b75f99a633611eaa7ed10604b8300cd
10.4283/JMAG.2019.24.1.128,3f292b9e633611ea979b10604b8300cd
10.1038/s41467-018-08053-5,42a96cd4633611eabfe310604b8300cd
10.1093/bioinformatics/btv425,47348f00633611ea846210604b8300cd
10.1126/science.1206097,488fa74c633611eabef810604b8300cd
10.1101/gr.226845.117,49cbca54633611eab8c010604b8300cd
10.1371/journal.pone.0208155,586bb780633611eaa53410604b8300cd
10.1016/j.eclinm.2019.01.005,5a4bcb1c633611eaaab210604b8300cd
10.1038/s41419-019-1534-0,5c36d9ae633611eabaf510604b8300cd
10.1016/j.jclinepi.2019.04.006,5e8a10e4633611eaa7a610604b8300cd
10.1136/bmjophth-2018-000231,609e4c54633611eaaf6910604b8300cd
10.1038/s41598-019-42761-2,62b39918633611eaaa9510604b8300cd
10.1016/j.jtho.2019.04.008,659789c8633611ea935b10604b8300cd
10.1371/journal.pone.0216484,6833cf0a633611eabf3410604b8300cd
10.1136/bmjopen-2018-027289,6d3c4c5c633611eab79410604b8300cd
10.1016/j.physleta.2017.07.031,738a1352633611eabf1710604b8300cd
10.1016/j.physa.2019.121325,7616f4cc633611eab92e10604b8300cd
10.1016/j.physleta.2017.09.046,78dd9dac633611eaa81910604b8300cd
10.1103/PhysRevA.82.034301,7b0a6830633611ea87f910604b8300cd
10.1371/journal.pbio.1002465,7dd9e974633611ea803e10604b8300cd
10.17648/acta.scientiae.v20iss4id4199,894e38f8633611eaa42110604b8300cd
10.1103/PhysRevD.100.051301,8c8a00f6633611eaa57d10604b8300cd
10.1002/asl.898,907e01f6633611eaa69310604b8300cd
10.1177/2055102919838909,93d03500633611eab9db10604b8300cd
10.1093/mnras/sty3138,952d6fd4633611eaaa7210604b8300cd
10.29333/iji.2019.12244a,987459e2633611eaa46310604b8300cd
10.1093/mnras/stz1108,9b497f8c633611eaa53d10604b8300cd
10.1097/QAD.0000000000001905,9ea9453e633611ea974210604b8300cd
10.1038/s41467-019-09442-0,a1d9eb46633611eab39110604b8300cd
10.1063/1.5094602,a539b0e4633611ea950110604b8300cd
10.1007/JHEP03(2019)170,a752587e633611eaac3310604b8300cd
10.1126/sciadv.aaw1297,ab56fb14633611eab2bb10604b8300cd
10.1098/rspa.2019.0079,ae674c9e633611ea81c110604b8300cd
10.7759/cureus.2789,b205befa633611eab8e310604b8300cd
10.1039/c8fd00197a,b42ac06c633611ea833310604b8300cd
10.21315/jps2019.30.s1.6,b8b56c76633611ea94fd10604b8300cd
10.5604/12321966.1152087,bbbfa39e633611eab56310604b8300cd
10.1155/2018/6536178,bd0f9994633611ea958210604b8300cd
10.5603/dk.2016.0029,c029d466633611ea8a3c10604b8300cd
10.5603/dk.2017.0012,c17dc11c633611eaafdf10604b8300cd
10.5603/KP.a2018.0068,c2e07912633611ea824e10604b8300cd
10.1111/obr.12841,c5ed49d2633611ea95af10604b8300cd
10.3390/s19061457,c93f06fa633611eaa26210604b8300cd
10.1016/j.jalgebra.2010.10.031,ccec4448633611eaa67c10604b8300cd
10.1016/s1473-3099(18)30493-6,ce9daf2e633611eaaaee10604b8300cd
10.1112/blms.12147,cff1001a633611ea9f5810604b8300cd
10.1145/3188745.3188912,d20477de633611ea960f10604b8300cd
10.1007/s00037-017-0158-y,d32a08a2633611eaa30510604b8300cd
10.1177/0264619617735144,d5aea870633611eab75010604b8300cd
10.1051/0004-6361/201935154,d8c38e68633611eabfac10604b8300cd
10.1109/PDP.2016.101,fea2dc3a633611ea94f310604b8300cd
10.1186/s12916-019-1308-7,0185204c633711ea873a10604b8300cd
10.1111/pedi.12850,04f84346633711ea860d10604b8300cd
10.15252/embj.201899843,0920e04a633711eab56310604b8300cd
10.1016/j.nuclphysa.2018.10.036,0b87c4b0633711ea9fb610604b8300cd
10.1016/j.nuclphysa.2018.09.016,0dfb7718633711ea8c1e10604b8300cd
10.1093/cid/ciy589,114dd04c633711ea8b8710604b8300cd
10.1186/s41182-019-0141-1,1220b930633711eab86a10604b8300cd
10.1103/PhysRevLett.122.191801,13bb41fa633711ea940010604b8300cd
10.1021/acscentsci.8b00879,170d4d1e633711ea8a9e10604b8300cd
10.1002/jia2.25237,18e6f89a633711eabbe810604b8300cd
10.2147/prbm.s191037,1bb937e8633711ea816010604b8300cd
10.1371/journal.pone.0213556,220f1522633711ea915710604b8300cd
10.1038/s41588-019-0364-4,24ff114c633711ea966f10604b8300cd
10.1016/j.apsb.2018.12.007,316cb724633711ea828710604b8300cd
10.1080/0267257x.2016.1187196,33dfa62e633711ea9b3f10604b8300cd
10.1186/1471-2334-11-257,35628bb4633711eabf3710604b8300cd
10.1186/1471-2334-12-311,365c57de633711eab2c910604b8300cd
10.1007/s10549-014-2952-4,375d7606633711ea89e810604b8300cd
10.1186/s12968-018-0501-8,3bc2770a633711ea916610604b8300cd
10.3389/fimmu.2019.00185,3cd260c2633711eaa16810604b8300cd
10.3390/toxins11040196,3f838862633711eaafc810604b8300cd
10.3145/epi.2016.sep.08,43a4d536633711eab83e10604b8300cd
10.1016/S0140-6736(18)33212-4,4d2bf15c633711ea8d8d10604b8300cd
10.3390/ijerph16061074,4f1070b6633711ea8a2a10604b8300cd
10.7324/rjc.2018.1112044,53a1ab74633711eab30010604b8300cd
10.11646/zootaxa.4039.1.10,56d5ad0a633711ea80c010604b8300cd
10.1038/s41598-018-31454-x,5a4a0848633711eab19710604b8300cd
10.1038/s41598-019-41584-5,60977fba633711ea92bf10604b8300cd
10.1053/j.ajkd.2015.02.335,6498ea9e633711ea9a4910604b8300cd
10.1080/17461391.2016.1165292,6598d030633711ea93b010604b8300cd
10.1007/s40279-016-0644-4,665108d8633711eab9e910604b8300cd
10.1530/ERP-17-0072,686cbe58633711ea80a010604b8300cd
10.1111/apps.12168,6cc05c24633711eabfe510604b8300cd
10.2514/6.2019-1754,6e525b46633711eaa3e810604b8300cd
10.1186/1471-2431-14-234,73564362633711eab43510604b8300cd
10.1111/jmcb.12561,75e4ccae633711ea92cb10604b8300cd
10.1097/01.AOG.0000206213.48334.09,84efe8c2633711eaae6d10604b8300cd
10.1136/ewjm.175.3.165,86b01c24633711eab05010604b8300cd
10.1161/01.atv.0000114834.85476.81,8e0b32f4633711ea818d10604b8300cd
10.22323/1.066.0034,9dca1ce6633711ea9d1410604b8300cd
10.1103/PhysRevD.85.074505,9f08d710633711eab75d10604b8300cd
10.22323/1.187.0088,a1764ee4633711ea85b210604b8300cd
10.1103/PhysRevD.90.014509,a2fb0892633711ea98fc10604b8300cd
10.1016/j.cpc.2014.12.025,a4bebdda633711ea84c610604b8300cd
10.22323/1.256.0221,a77080fe633711ea93af10604b8300cd
10.1103/PhysRevD.98.114510,a9f17746633711ea9eff10604b8300cd
10.1136/vr.104501,abf734fe633711eaa8d010604b8300cd
10.1016/j.juro.2015.02.2948,b13251a8633711ea950710604b8300cd
10.14202/vetworld.2016.648-652,b29c344a633711eabaae10604b8300cd
10.18805/ijar.10766,b4d9c2c0633711eab97010604b8300cd
10.5489/cuaj.4860,b71a5fec633711eaa3a910604b8300cd
10.1016/j.jmacro.2017.07.002,baf29ddc633711ea838810604b8300cd
10.1007/s00127-019-01659-0,c1519d9e633711eabb2810604b8300cd
10.1136/bmjopen-2018-025502,c260c33a633711eab8cd10604b8300cd
10.1186/s41927-017-0002-7,c42e8928633711eab1eb10604b8300cd
10.1007/s11948-019-00102-6,c509d518633711eaa72a10604b8300cd
10.1242/jeb.194480,c78eeac0633711ea901210604b8300cd
10.1128/JVI.02205-18,cba2a25a633711ea9e4210604b8300cd
10.5194/bg-16-1019-2019,d47923f4633711ea90e110604b8300cd
10.1016/S2352-4642(19)30024-0,d863128a633711eaab9b10604b8300cd
10.1002/jbmr.3695,da7c556e633711ea9c7d10604b8300cd
10.1186/s13089-019-0117-8,dc64a462633711eaa7a910604b8300cd
10.1016/j.indmarman.2019.03.015,dd75c6a8633711ea997e10604b8300cd
10.1002/mde.3010,df5bf2fe633711ea9bc710604b8300cd
10.1364/OE.27.015846,e0dae11e633711ea962a10604b8300cd
10.1109/TGRS.2019.2940146,eb4c6228633711eaae7610604b8300cd
10.1136/bmjopen-2018-024594,ef6b62b0633711eaa28010604b8300cd
10.1172/jci.insight.90133,f6c2f624633711eaae9f10604b8300cd
10.1093/mnras/stz799,fb93eed2633711ea87b310604b8300cd
10.1088/1361-6641/ab0331,00b9b1c6633811ea971910604b8300cd
10.1103/PhysRevD.99.032014,04e6bc00633811ea929f10604b8300cd
10.1039/c8ra06870d,0a2f1d36633811eaa21210604b8300cd
10.1117/12.2522929,0d32c500633811eab99710604b8300cd
10.1038/s41467-019-09209-7,0e621826633811ea846910604b8300cd
10.1371/journal.pone.0127279,1685b6ec633811eaa55910604b8300cd
10.1371/journal.pone.0150800,18a6c064633811eab1d110604b8300cd
10.4081/idr.2016.6567,1acd6e68633811ea8c2b10604b8300cd
10.1371/journal.pone.0192178,1e559b86633811eab2b910604b8300cd
10.1071/wf18004,22fc5546633811eaab9610604b8300cd
10.1093/mnras/stz154,257bc46e633811eabadf10604b8300cd
10.1144/sp484-2018-43,28683d92633811eaa23f10604b8300cd
10.1177/1757913915597822,42074ac8633811eabe8510604b8300cd
10.1109/compsac.2008.97,437ebfac633811eab25d10604b8300cd
10.1038/s41598-019-40134-3,458fa0b8633811ea8dab10604b8300cd
10.1136/bmjopen-2018-025074,47b31ae4633811eaa70710604b8300cd
10.1080/14660970.2015.1100431,494fec9e633811ea9d4010604b8300cd
10.1007/JHEP05(2019)141,4aae37da633811eaa04710604b8300cd
10.1093/mnras/stz2343,4e65ab68633811eaacdd10604b8300cd
10.1302/0301-620X.101B3.BJJ-2019-0075,58c577c0633811ea8d7210604b8300cd
10.1186/s12883-019-1256-z,59d7d102633811eaa5b610604b8300cd
10.15537/smj.2019.3.23947,5ae1ee0a633811ea893a10604b8300cd
10.1002/art.40133,6ce678da633811eaad7010604b8300cd
10.1136/annrheumdis-2013-204962,6e2f6a8a633811ea88d210604b8300cd
10.1002/lol2.10104,70b4cc78633811ea807010604b8300cd
10.3389/frobt.2017.00022,73a1baa2633811ea81d310604b8300cd
10.1057/s41261-017-0046-z,7947e6a8633811eaa9f210604b8300cd
10.1080/19406940.2017.1348964,7d25a148633811eaa82a10604b8300cd
10.1016/j.foodqual.2019.02.013,7eb3d03a633811eabab910604b8300cd
10.1126/science.aau4532,80a96366633811eab1d610604b8300cd
10.12688/f1000research.13784.1,820d0506633811ea8c6510604b8300cd
10.3923/ajsr.2015.165.181,85f60946633811eabf5d10604b8300cd
10.7717/peerj.698,89a65152633811ea9cc510604b8300cd
10.7717/peerj.840,8ab639e4633811ea884c10604b8300cd
10.1186/s12881-015-0183-0,8c0da848633811eabab110604b8300cd
10.1186/s12888-016-1069-1,8d77d8ae633811ea990210604b8300cd
10.1186/s13104-018-3696-8,8fc5b808633811ea93ff10604b8300cd
10.1172/JCI126975,91471686633811ea9ea010604b8300cd
10.1021/acsaem.8b01995,9a5873ca633811ea85b210604b8300cd
10.1109/JSEN.2016.2600272,9b85f234633811ea862d10604b8300cd
10.1007/s41664-018-0068-2,9fcee214633811eab06610604b8300cd
10.1038/sj.bdj.4813367,a1761280633811eab27710604b8300cd
10.1186/s41983-018-0037-8,a2f8a94a633811ea9a3710604b8300cd
10.1103/PhysRevLett.122.191803,a653b28c633811eaa0ac10604b8300cd
10.4049/jimmunol.1801337,a913f1f4633811ea927210604b8300cd
10.1098/rstb.2018.0141,b2285dc0633811eab51810604b8300cd
10.1007/s00227-019-3479-3,b5c17858633811ea949910604b8300cd
10.5194/cp-12-2271-2016,b6e2eada633811eaaa0a10604b8300cd
10.1103/PhysRevA.83.035602,bd01b522633811eab07c10604b8300cd
10.1016/j.physletb.2019.07.031,bfcc054c633811eaa85e10604b8300cd
10.1007/s10980-019-00774-2,c8012c46633811eabfea10604b8300cd
10.1371/journal.pone.0184510,cee8f482633811ea85e410604b8300cd
10.1186/s12884-019-2189-7,d2e63fca633811eab92910604b8300cd
10.1016/j.gaitpost.2019.02.011,d3e22dfa633811eab72e10604b8300cd
10.1038/s41598-018-38294-9,dbf63c0c633811eabd2d10604b8300cd
10.1016/j.jaci.2018.12.1020,e38aa59c633811eabf6110604b8300cd
10.1101/051722,eb3afb08633811ea937210604b8300cd
10.1007/s10712-016-9374-2,fa7ca9be633811ea98b510604b8300cd
10.1103/PhysRevLett.122.072002,fe215aac633811eaaa4110604b8300cd
10.3201/eid2503.180899,015f42a6633911ea832c10604b8300cd
10.1101/555003,f081e70c633911eaa61b10604b8300cd
10.1136/bjophthalmol-2013-304823,f8ef781c633911eaa7cb10604b8300cd
10.1016/j.visres.2016.10.012,fecd989e633911ea984510604b8300cd
10.1038/s41598-017-07103-0,01926a50633a11eabb5310604b8300cd
10.1111/obr.12840,053fcbec633a11ea873f10604b8300cd
10.1080/09687637.2017.1398715,078dd182633a11ea9f8310604b8300cd
10.1038/s41467-019-08800-2,0c60c2ec633a11eaa09810604b8300cd
10.1124/mol.51.2.234,0de49192633a11ea951510604b8300cd
10.1042/bst0310029,10344490633a11eab0b310604b8300cd
10.1124/mol.107.040816,14ac2b38633a11eab1c710604b8300cd
10.1016/j.eclinm.2019.02.009,19f74ec0633a11ea893110604b8300cd
10.1007/JHEP06(2019)114,1ed6736e633a11ea80b710604b8300cd
10.3390/md17020115,22f3282d633a11ea98e710604b8300cd
10.1038/s41598-018-38090-5,26daa550633a11eab36210604b8300cd
10.1164/rccm.201811-2081le,292dbb64633a11ea800b10604b8300cd
10.1016/S2214-109X(19)30015-4,2af2cf1e633a11ea829710604b8300cd
10.1128/JB.00224-11,308a0458633a11ea88b310604b8300cd
10.1186/s12912-019-0328-0,32e8f702633a11eaab2b10604b8300cd
10.1371/journal.pntd.0007166,33d9c2f4633a11ea8aa310604b8300cd
10.1155/2019/2161348,351f8154633a11ea95db10604b8300cd
10.1021/acs.biochem.5b00840,3d6b8476633a11ea833f10604b8300cd
10.1021/bi5007964,3f8d01fe633a11ea859110604b8300cd
10.1021/acs.chemrestox.7b00128,46533b38633a11eabfa910604b8300cd
10.1103/PhysRevB.100.174418,49770f1a633a11eaa32810604b8300cd
10.3923/ajps.2018.160.172,4dba7f28633a11ea910110604b8300cd
10.1016/j.nuclphysa.2018.10.052,52134900633a11eab23a10604b8300cd
10.1016/j.nuclphysa.2018.08.021,550f75c2633a11eaa70910604b8300cd
10.1016/j.nuclphysa.2018.10.021,5828ea0c633a11eab3c110604b8300cd
10.1016/j.nuclphysa.2018.10.034,59c7415c633a11ea912610604b8300cd
10.1016/j.nuclphysa.2018.11.011,5bb4222c633a11ea880c10604b8300cd
10.1101/gr.241455.118,5d91ea0a633a11eabb1810604b8300cd
10.1038/s41588-018-0334-2,6e289324633a11ea9edf10604b8300cd
10.1152/ajpcell.00079.2015,72b66ed8633a11eaac9210604b8300cd
10.1007/s12471-018-1211-4,76a144f6633a11eaada110604b8300cd
10.1007/978-3-642-11688-9_4,7a416176633a11ea8a5e10604b8300cd
10.1186/s12888-019-2044-4,7cfd816c633a11eab3b210604b8300cd
10.1038/nature13438,7f5dfc12633a11ea983210604b8300cd
10.1021/acs.jproteome.5b01091,81b91eb6633a11ea9dad10604b8300cd
10.1074/mcp.M116.060301,83a737c0633a11ea885f10604b8300cd
10.18632/oncotarget.26647,8a43cf24633a11eab2dd10604b8300cd
10.1103/PhysRevLett.115.209902,92899198633a11eaa47610604b8300cd
10.1103/PhysRevC.95.021302,942e7798633a11eaad7510604b8300cd
10.1103/PhysRevLett.121.252501,958dfa66633a11eaa88810604b8300cd
10.1103/PhysRevC.75.035805,98b6fce2633a11ea8ebb10604b8300cd
10.1088/1742-6596/375/1/042050,9b059e3a633a11ea8bbf10604b8300cd
10.1016/j.nuclphysa.2014.06.010,9ce9a6ba633a11ea9a5010604b8300cd
10.1103/PhysRevLett.122.054801,a0f34ade633a11ea8bc110604b8300cd
10.12688/f1000research.14313.1,aabefe3e633a11ea8d9410604b8300cd
10.1140/epjc/s10052-019-6562-5,b0e7d74c633a11eab97510604b8300cd
10.1097/EDE.0000000000000692,b4043164633a11eaa91f10604b8300cd
10.1136/bmjopen-2017-020683,b5fd9382633a11eabf0f10604b8300cd
10.1016/j.antiviral.2018.06.003,b9843858633a11eab79310604b8300cd
10.1016/j.gr.2017.07.003,ba8c0b52633a11eab36610604b8300cd
10.1136/jclinpath-2018-205622,c039d42c633a11eaa42710604b8300cd
10.1186/s12936-019-2656-7,c2a018a6633a11ea85cc10604b8300cd
10.1038/s42003-018-0254-9,c6eadacc633a11eab97b10604b8300cd
10.1038/s41467-019-08514-5,cad2f23e633a11eaaec610604b8300cd
10.3390/s19030561,cecb0cbe633a11ea9d9c10604b8300cd
10.1016/j.fct.2019.02.020,d225510c633a11eaae9110604b8300cd
10.1016/j.jclinepi.2019.01.005,d50ee2e4633a11eaabd610604b8300cd
10.1099/jgv.0.001211,d7728fc2633a11eab0b510604b8300cd
10.15405/epsbs.2016.02.52,e5359bd2633a11ea96e510604b8300cd
10.1007/JHEP04(2019)032,e8dc4686633a11ea815410604b8300cd
10.1007/JHEP07(2010)097,eacde150633a11eaa98010604b8300cd
10.1007/s11005-010-0374-8,ecca4fee633a11ea963410604b8300cd
10.1007/s00220-006-1529-4,eee6ebe4633a11eabd3010604b8300cd
10.1088/0305-4470/36/12/315,f13feb9c633a11eabb7e10604b8300cd
10.1016/S0550-3213(01)00606-X,f3cbb394633a11eaa99d10604b8300cd
10.1088/1126-6708/2008/10/050,f65be7ae633a11ea971610604b8300cd
10.1103/PhysRevLett.117.259903,f86c7798633a11ea90af10604b8300cd
10.1016/0550-3213(92)90629-P,f9a31b8a633a11ea881b10604b8300cd
10.3390/v11020097,fd8f9ee8633a11ea807710604b8300cd
10.1101/gr.238444.118,0364e452633b11ea89f610604b8300cd
10.22442/jlumhs.181740591,0adec28a633b11eab73010604b8300cd
10.1103/PhysRevC.99.014315,102c9c94633b11ea955210604b8300cd
10.25304/rlt.v27.2139,15ff4a62633b11ea99df10604b8300cd
10.1136/jech.2011.142976g.48,18d186c0633b11ea876210604b8300cd
10.1177/2396987316678728,1a6076c0633b11eaa5b210604b8300cd
10.1017/S0950268810002669,1b5587a6633b11ea81e210604b8300cd
10.25135/acg.oc.46.18.05.104,1db368c0633b11ea80c110604b8300cd
10.1093/mnras/stz317,1ff0a730633b11eab62710604b8300cd
10.1371/journal.pone.0211260,22fc3a74633b11ea8b4010604b8300cd
10.1186/s12575-019-0091-3,2788de6e633b11eab15010604b8300cd
10.1155/2019/2437397,2c20ca14633b11ea88d310604b8300cd
10.12659/AJCR.912423,2e36fe74633b11eab51e10604b8300cd
10.3390/hydrology3030029,31163118633b11eabe8b10604b8300cd
10.1103/PhysRevLett.122.011803,339fd68a633b11ea977910604b8300cd
10.3390/gels4010017,39867e86633b11ea879610604b8300cd
10.1128/AAC.02039-18,3cb76e8a633b11ea806010604b8300cd
10.1016/j.jedc.2017.10.001,41b86c9a633b11ea929810604b8300cd
10.1016/j.arthro.2018.09.020,43cea0e8633b11eab0d410604b8300cd
10.7861/futurehosp.5-3-218,45c9d89e633b11ea8b8c10604b8300cd
10.1155/2014/896121,48f439e8633b11ea84b510604b8300cd
10.1016/j.tox.2019.01.009,4b6bb99c633b11eab5bc10604b8300cd
10.1177/0031512518803203,4d49cf5a633b11eabc6110604b8300cd
10.4018/JGIM.2018100105,4f65a814633b11eaa0d010604b8300cd
10.3389/fpsyt.2019.00009,515bfe26633b11ea9dec10604b8300cd
10.1108/ijoa-02-2018-1363,53f94fa8633b11ea94a310604b8300cd
10.1016/j.jacc.2018.10.078,55aa8fae633b11ea88b510604b8300cd
10.1128/CVI.00149-16,57cc33ee633b11eaac9a10604b8300cd
10.1002/jin2.27,5e966330633b11ea935510604b8300cd
10.1186/s12909-019-1467-4,632639b6633b11eabd8a10604b8300cd
10.1007/JHEP04(2019)093,64da8688633b11ea926a10604b8300cd
10.1088/1361-6528/aa825e,6933c50c633b11eaa33110604b8300cd
10.1007/JHEP05(2019)108,6bd02c26633b11ea8afc10604b8300cd
10.1053/j.gastro.2019.01.034,6d35ef64633b11ea90a310604b8300cd
10.3899/jrheum.181194,7026fbdc633b11eab28710604b8300cd
10.1016/j.ejca.2018.11.027,71e706a4633b11eab5f210604b8300cd
10.1370/afm.2336,76ec49d4633b11eaba9a10604b8300cd
10.1111/add.14519,7a2a5748633b11ea928810604b8300cd
10.1371/journal.pone.0210705,7bdd92c0633b11ea85d510604b8300cd
10.1186/s13071-019-3304-3,80ae8746633b11ea999a10604b8300cd
10.1136/bmjopen-2018-026966,828e4de6633b11eab70b10604b8300cd
10.1101/186718,8475ff18633b11eabf5d10604b8300cd
10.1108/APJML-05-2017-0105,8c3762da633b11ea924810604b8300cd
10.1038/srep02426,91af05da633b11ea83a710604b8300cd
10.1038/s41598-017-02172-7,95eafbf6633b11ea9a8f10604b8300cd
10.1007/978-3-030-11166-3_8,9919f010633b11eab94810604b8300cd
10.1007/978-3-030-05195-2_44,9b268894633b11ea922810604b8300cd
10.1590/0102-311x00123218,9e44dd54633b11eabcc510604b8300cd
10.2991/ijcis.11.1.76,a19a8d7a633b11eaa4e710604b8300cd
10.5530/ijper.52.4s.105,a42bf99a633b11ea973a10604b8300cd
10.1371/journal.pone.0208892,a6d7a07a633b11ea9fa810604b8300cd
10.3389/fped.2018.00421,acd17e9c633b11eaa2f210604b8300cd
10.1504/ijguc.2019.097221,ae3ebab6633b11ea803710604b8300cd
10.1093/mnras/stz262,b1975098633b11eab6e310604b8300cd
10.3390/ijerph16010148,b3e7c5c8633b11ea8dda10604b8300cd
10.4018/978-1-5225-5829-3.ch007,b81abc82633b11ea8f8210604b8300cd
10.1038/s41598-017-03629-5,baeea5ec633b11eab5ad10604b8300cd
10.1093/nar/gkt878,be603e5c633b11eaa09310604b8300cd
10.1128/MCB.00754-14,c29fdd66633b11eaa61c10604b8300cd
10.1038/s41467-017-01807-7,ca3e52f0633b11ea98f210604b8300cd
10.1093/bib/bbw023,cccdc390633b11eaae6d10604b8300cd
